NAME,density_100km2,AREA_KM2
Honduras,189.3816014251323,120814.27038225299
Guinea-Bissau,143.05538954300556,34532.07890860294
Guinea,108.26296750378533,254288.24495354271
Belize,96.83609094700125,24577.613333262107
Guatemala,93.6321120499245,118121.86821229478
Dem. Rep. Congo,89.274751309184,2360465.830592815
Madagascar,88.9369506120737,672161.5660148856
Nicaragua,78.17051372329725,136240.62952557992
Gambia,77.00244614164231,11168.476367855525
Heard I. and McDonald Is.,73.21712058985287,1092.640619509519
Qatar,58.37859134631233,13703.653711927645
Trinidad and Tobago,56.271295581587644,5331.314960840568
Mexico,42.7642646041486,2372541.675606349
United Arab Emirates,41.776911739773965,85453.89908754695
El Salvador,34.70743440391276,21897.325833865758
Kuwait,32.06678455625847,23076.83823745198
Angola,31.24594324218013,1316010.8395924657
India,29.651355016523116,3770822.6129191825
Liberia,27.990006949998023,97177.53928604122
Grenada,27.35227193551013,365.600342946923
Senegal,26.18565608720651,210420.54404327157
St. Vin. and Gren.,25.617891493566553,390.3521881381733
Venezuela,25.588593423698267,934791.5144818809
Zambia,22.718271541983285,801117.284225011
Sierra Leone,21.56846326156369,73718.74299609823
Barbados,21.21261904246163,471.41750766290784
Congo,20.065898297123717,347853.8511779722
Iraq,18.68233143577879,625189.6365370905
Philippines,16.49072075803269,309264.8329222221
Laos,15.544461764141271,255396.42737313628
Tonga,14.54105807129655,687.7078649276278
Côte d'Ivoire,13.200575244754766,328773.55111660715
Nepal,12.924160969653489,190341.17617199218
Iran,12.333474097987459,2302676.421449998
Vietnam,12.265566738148072,362804.27109492756
Dominican Rep.,11.762957308394107,54408.08660788837
Bahrain,11.684159142044269,855.8596197150387
Australia,11.204222308419293,9657073.647913452
Pakistan,11.10143278983965,1171920.8003409365
South Korea,10.827196308973695,152394.02269195605
S. Sudan,10.359558495494046,641919.2480927116
Costa Rica,9.420821419462387,53073.92824229262
Oman,9.25833726574435,357515.5997229577
Zimbabwe,8.899959538763028,438204.2393579293
Bolivia,8.796259573160958,1194826.0408399028
Mauritius,8.699581813334067,2298.9610798700114
Turkmenistan,8.338946113494032,784271.7665985408
Cambodia,8.094161024559552,191496.06676923553
Cuba,7.976848187329984,127870.0529389685
eSwatini,7.91565787601116,21476.42086897091
Papua New Guinea,7.64678757117806,474709.1463194346
Mali,7.471187892543334,1387998.8228310847
Japan,7.453778241979486,599695.8662957097
Vanuatu,7.4514856713196895,13420.14256095182
Mozambique,6.955421603999605,874138.240089399
South Africa,6.886928196672889,1605940.948439559
Malawi,6.777511003897297,126890.24031174144
Jamaica,6.511605615254148,12285.756344424677
Benin,6.150611136969804,120313.24750024316
Palestine,5.912609422453673,8456.503115210087
Nigeria,5.8878908909670535,940914.1749720987
Ghana,5.426000470469426,245116.08637677395
Panama,5.084808385078444,76699.0553949819
Chile,5.032102808483433,1255936.1842419733
Belgium,4.858280000633004,76158.64049659371
Tanzania,4.827116158080961,961236.4500970803
Burkina Faso,4.729613511819633,287549.9227582265
Gabon,4.085617528896099,261894.31400082752
Ethiopia,4.0745477845138325,1163319.2812256017
Israel,3.9380006256792637,30472.31613359667
Colombia,3.715864921688383,1151817.972450756
Syria,3.380464248294615,278068.3157569892
Libya,3.196020879060885,2061938.9701660515
Ecuador,3.1513139866264264,257035.6376538438
United States of America,3.0909355680643418,21721578.635832112
Baikonur,2.9717517547430066,13460.074495172343
Thailand,2.9435628806017724,557147.9416348408
Paraguay,2.7911837414615945,476500.3393519159
Netherlands,2.720479692283932,99247.20289800293
Italy,2.705830580641506,561749.8785306928
Egypt,2.654139321444207,1258411.7092175074
Haiti,2.6472050368201154,30220.552955768726
Brazil,2.5381175572284014,9018494.80328864
Cameroon,2.4106580402087636,472899.9223387469
Peru,2.3881035866964635,1339975.375367472
Algeria,2.28140259124007,3002538.8882707637
Slovakia,2.2485464611008066,111182.93721073883
Togo,2.2203761983422146,58548.636981904725
Myanmar,2.208348558035085,769806.0135545828
Saudi Arabia,2.155840947303764,2328557.682457206
Solomon Is.,2.138391009817719,28058.47935411706
Mongolia,2.1333253768649687,3351575.00001584
Lebanon,2.0595473712384784,14566.307344491883
N. Cyprus,2.003275433444106,4991.824805043222
Puerto Rico,1.9927451420587967,10036.406351158925
Portugal,1.9448374185138533,154254.53929678342
Germany,1.9263643144855769,908447.0610468747
Sudan,1.9043271743405916,2026962.6207148968
Burundi,1.8302925294274797,27318.0375246574
China,1.7797729313653063,14923252.023855194
North Macedonia,1.761019070863438,45428.241705966044
Uzbekistan,1.759973919930916,806830.1376055273
Namibia,1.7063450129144628,966979.12058346
New Zealand,1.685284127916944,486564.838780949
Moldova,1.668832868157224,71906.541565488
Kazakhstan,1.6541878086487471,6135941.727373271
Taiwan,1.6123838979481155,43413.97857487939
Indonesia,1.6091992427778483,1901566.8903234976
Argentina,1.5870077345626006,4316299.0644705
North Korea,1.5723808064622167,209872.82383742943
Russia,1.4541417150772777,82997412.66523404
Chad,1.3880852282231273,1375996.2004962547
Turkey,1.364740633455783,1296949.7328719692
Eritrea,1.2820114682867931,132604.11798591653
Ukraine,1.2702046123413948,1338367.0500663307
Niger,1.2691292314710354,1307983.425829622
Kosovo,0.993252391159776,20135.86896745036
Austria,0.9752807191921881,184562.24598502426
Slovenia,0.9457585497023122,42294.09294009601
Uganda,0.9436107305332672,243744.57873112464
Malaysia,0.9043120945531636,331743.87670689647
Jordan,0.9015941322640219,122006.1179011619
Tunisia,0.8719574111410231,229369.00064681447
Central African Rep.,0.8085205870953274,630781.7118574734
Spain,0.8018591429369882,872971.277020168
Rwanda,0.7840931086624507,25507.17482279254
Greece,0.7325703973780754,218409.04378971914
Serbia,0.7272238623743882,151260.16305467434
Uruguay,0.714771565400047,251828.70823807415
Bahamas,0.656233470042294,15238.47907263173
Timor-Leste,0.6432873527482627,15545.152500321728
France,0.6309695399736142,1252041.4218934183
Yemen,0.6085193563624581,492999.92985154636
Albania,0.5997080403652274,50024.34181427639
Kenya,0.5926464849869987,590571.2914296256
Bulgaria,0.5730378199735392,209410.26197108798
Morocco,0.5040872052695409,793513.4949241882
Belarus,0.49414757528020303,586869.2158118098
Tajikistan,0.4723703672980882,232868.1213201182
Azerbaijan,0.471565548064243,148441.7177788901
Denmark,0.44109312676958157,136025.69697564756
Botswana,0.4119733062129061,679655.6858839226
United Kingdom,0.4069463677038472,712624.6184142029
Kyrgyzstan,0.36639974455487845,354803.74081027484
Romania,0.3486730150575026,487562.82436128263
Sri Lanka,0.29441007347617965,67932.45816576373
Croatia,0.2718577794306312,110351.81727310095
Lesotho,0.25033004980631307,39947.261656110655
Georgia,0.2366769757795047,126755.04197733577
Switzerland,0.22625885701363468,88394.3296805162
Lithuania,0.19974871064507693,200251.60548382168
Armenia,0.19640437977767505,50915.36151749648
Bangladesh,0.18239414501842238,164478.96393258622
Poland,0.1683817615418,831443.9682663947
Ireland,0.15536207995866094,193097.31182784413
Hungary,0.1488339369105395,201566.93172762255
Czechia,0.10618395573590741,188352.37264792118
Finland,0.1049188109326454,1810924.0689162407
Bosnia and Herz.,0.09922167510114781,100784.4303153104
Latvia,0.0928287525043352,215450.4877038607
Suriname,0.06807350051270175,146900.04076012093
Somalia,0.06253878811034437,479702.292073002
Canada,0.05735352518315009,51086659.28804679
Sweden,0.0554781965371926,2163011.9126088023
Afghanistan,0.05347609185154284,934997.2720296584
Guyana,0.04665654015909243,214332.22364756078
Norway,0.034979775534102774,3430553.746207108
Mauritania,0.025270067263573875,1187175.312479053
Antarctica,5.877442487248714e-06,8507101534.12415
Dhekelia,0.0,190.4184414484173
Palau,0.0,503.20869779628265
American Samoa,0.0,193.08655634534318
Niue,0.0,248.17845144647248
Falkland Is.,0.0,30190.318509235756
S. Geo. and the Is.,0.0,11720.13812558794
Micronesia,0.0,647.9050802148325
Cyprus,0.0,8042.29197480796
USNB Guantanamo Bay,0.0,74.32755298670578
Guam,0.0,600.0301835179623
Montenegro,0.0,25502.089710695007
Brazilian I.,0.0,3.7930969795730123
Andorra,0.0,833.5607759553911
Djibouti,0.0,22935.279580688573
San Marino,0.0,116.34757502983312
Liechtenstein,0.0,296.4752492604296
N. Mariana Is.,0.0,632.800656242537
Bajo Nuevo Bank,0.0,0.03895603986652728
Ashmore and Cartier Is.,0.0,2.8437840374214574
Macao,0.0,35.23246281334579
Clipperton I.,0.0,5.19965929591187
Spratly Is.,0.0,12.47420953409439
Coral Sea Is.,0.0,0.02391568376058839
Monaco,0.0,36.103299439527355
Brunei,0.0,5790.692467732238
Luxembourg,0.0,6245.793615197187
Akrotiri,0.0,146.10745327487822
Cyprus U.N. Buffer Zone,0.0,510.6252395538771
Siachen Glacier,0.0,3147.4637689209785
Southern Patagonian Ice Field,0.0,3338.6812226061465
Estonia,0.0,169006.1485778007
Bir Tawil,0.0,2356.442064114
Vatican,0.0,0.02204708768576837
Gibraltar,0.0,5.671709057463881
Eq. Guinea,0.0,26877.896081143717
Hong Kong,0.0,1217.7750754295973
Curaçao,0.0,487.85278515922903
Turks and Caicos Is.,0.0,518.8202964827988
Aruba,0.0,179.22150775850918
Fiji,0.0,20918.599191638015
New Caledonia,0.0,21816.493714788834
St-Martin,0.0,75.96759806708263
Pitcairn Is.,0.0,51.568345252203656
Fr. Polynesia,0.0,3624.974730540717
Fr. S. Antarctic Lands,0.0,16972.4552058936
Seychelles,0.0,444.9410959620859
Kiribati,0.0,958.7866318489124
Marshall Is.,0.0,168.59833073042824
Saint Lucia,0.0,646.0382401399831
Dominica,0.0,790.5463927208843
U.S. Minor Outlying Is.,0.0,30.532636430009767
Montserrat,0.0,109.21549254044601
St. Pierre and Miquelon,0.0,520.335748220904
Bhutan,0.0,51504.2291589955
Iceland,0.0,571227.5401583432
Sint Maarten,0.0,25.976930148999
Greenland,0.0,35187509.66474609
Anguilla,0.0,97.42799848350836
St-Barthélemy,0.0,27.1187873586784
U.S. Virgin Is.,0.0,394.3123870744927
St. Kitts and Nevis,0.0,291.2660347793398
Antigua and Barb.,0.0,498.36111537194915
British Virgin Is.,0.0,162.05087166821474
Bermuda,0.0,87.47249405052321
Cayman Is.,0.0,349.48745779394363
Malta,0.0,497.6536453415954
Cabo Verde,0.0,4272.56673748406
São Tomé and Principe,0.0,1044.2871021620567
Comoros,0.0,1757.108549700541
Saint Helena,0.0,478.7078567231412
Jersey,0.0,278.7982355468044
Somaliland,0.0,173457.8673295654
W. Sahara,0.0,109463.26787124504
Guernsey,0.0,175.11944526949628
Isle of Man,0.0,1678.7047359696587
Åland,0.0,3798.279872124758
Faeroe Is.,0.0,6034.81410249329
Indian Ocean Ter.,0.0,116.6570583175274
Br. Indian Ocean Ter.,0.0,50.16098209361782
Singapore,0.0,514.229085447699
Norfolk Island,0.0,54.017712564930775
Cook Is.,0.0,217.8340928474093
Wallis and Futuna Is.,0.0,148.55188745266526
Samoa,0.0,2964.661543611102
Tuvalu,0.0,23.60563285153325
Maldives,0.0,110.12803876781558
Nauru,0.0,28.963159752691517
Serranilla Bank,0.0,0.1144447132647504
Scarborough Reef,0.0,0.10556744157036331
